INSERT INTO exhibition (
  id,
  name,
  started_date,
  ended_date
) VALUES
  (1,'春の展覧会', '2023-03-01', '2023-05-31'),
  (2, '夏の展覧会', '2023-06-01', '2023-08-31');

INSERT INTO arranger (
  id,
  name
) VALUES
  (1, '田中太郎'),
  (2, '佐藤花子'),
  (3, '鈴木一郎'),
  (4, '高橋次郎'),
  (5, '伊藤三郎'),
  (6, '山田四郎'),
  (7, '小林五郎');

INSERT INTO category (
  id,
  name
) VALUES
  (1, '造形'),
  (2, '新花'),
  (3, '格花');

INSERT INTO material (
  id,
  name
) VALUES
  (1,'菊'),
  (2,'桜'),
  (3,'梅'),
  (4,'松'),
  (5,'竹'),
  (6,'柳'),
  (7,'楓'),
  (8,'柿'),
  (9,'栗'),
  (10,'桃');

INSERT INTO season (
  id,
  name
) VALUES
  (1, '春'),
  (2, '夏'),
  (3, '秋'),
  (4, '冬');

INSERT INTO work (
  id,
  title,
  exhibition_id,
  arranger_id,
  season_id,
  category_id
) VALUES
  (1, '作品1', 1, 1, 1, 1),
  (2, '作品2', 1, 2, 1, 1),
  (3, '作品3', 1, 3, 2, 1),
  (4, '作品4', 1, 4, 2, 1),
  (5, '作品5', 1, 5, 3, 1),
  (6, '作品6', 1, 6, 3, 1),
  (7, '作品7', 1, 7, 3, 1),
  (8, '作品1', 2, 1, 1, 2),
  (9, '作品2', 2, 2, 1, 2),
  (10, '作品3', 2, 3, 2, 2),
  (11, '作品4', 2, 4, 2, 2),
  (12, '作品5', 2, 5, 3, 2),
  (13, '作品6', 2, 6, 3, 2),
  (14, '作品7', 2, 7, 3, 2);

INSERT INTO work_material (
  work_id,
  material_id
) VALUES
  (1,1),
  (1,3),
  (1,8),
  (1,7),
  (2,2),
  (2,5),
  (2,3),
  (3,3),
  (3,6),
  (3,9),
  (3,10),
  (4,4),
  (4,6),
  (4,9),
  (5,5),
  (5,7),
  (6,6),
  (6,10),
  (7,3),
  (7,5),
  (7,8),
  (8,9),
  (9,10),
  (10,1),
  (10,5),
  (10,6),
  (11,8),
  (12,9),
  (12,10),
  (13,10),
  (14,7),
  (14,8),
  (14,9);

INSERT INTO image (id) VALUES
  (1),
  (2),
  (3),
  (4),
  (5),
  (6),
  (7),
  (8),
  (9),
  (10),
  (11),
  (12),
  (13),
  (14),
  (15),
  (16),
  (17),
  (18),
  (19),
  (20),
  (21),
  (22),
  (23),
  (24),
  (25),
  (26),
  (27),
  (28),
  (29),
  (30),
  (31),
  (32),
  (33),
  (34),
  (35),
  (36),
  (37),
  (38),
  (39),
  (40),
  (41),
  (42),
  (43),
  (44),
  (45),
  (46),
  (47),
  (48),
  (49),
  (50),
  (51),
  (52),
  (53),
  (54),
  (55),
  (56),
  (57),
  (58),
  (59),
  (60),
  (61),
  (62),
  (63),
  (64),
  (65),
  (66),
  (67),
  (68),
  (69),
  (70),
  (71),
  (72),
  (73),
  (74),
  (75),
  (76),
  (77),
  (78),
  (79),
  (80),
  (81),
  (82),
  (83),
  (84),
  (85),
  (86),
  (87),
  (88),
  (89),
  (90),
  (91),
  (92),
  (93),
  (94),
  (95),
  (96),
  (97),
  (98);

INSERT INTO work_image (
  work_id,
  image_id
) VALUES
  (1, 1),
  (1, 2),
  (1, 3),
  (2, 4),
  (2, 5),
  (2, 6),
  (3, 7),
  (3, 8),
  (3, 9),
  (4, 10),
  (4, 11),
  (4, 12),
  (5, 13),
  (5, 14),
  (5, 15),
  (6, 16),
  (6, 17),
  (6, 18),
  (7, 19),
  (7, 20),
  (7, 21),
  (8, 22),
  (8, 23),
  (8, 24),
  (9, 25),
  (9, 26),
  (9, 27),
  (10, 28),
  (10, 29),
  (10, 30),
  (11, 31),
  (12, 32),
  (12, 33),
  (13, 34),
  (14, 35),
  (14, 36),
  (14, 37);